Order ID,Product,Quantity,Unit Price,Total Price,Customer ID,Order Date,Region
1001,Product A,9,19,70,143,11/17/2023,East
1002,Product B,4,39,137,155,11/16/2023,West
1003,Product C,10,34,194,159,11/15/2023,North
1004,Product A,5,29,125,122,11/14/2023,South
1005,Product B,6,30,265,149,11/13/2023,East
1006,Product C,4,36,265,156,11/12/2023,West
1007,Product A,4,46,220,119,11/11/2023,North
1008,Product B,7,44,238,140,11/10/2023,South
1009,Product C,10,38,81,132,11/9/2023,East
1010,Product A,7,32,80,128,11/8/2023,West
1011,Product B,5,30,219,125,11/7/2023,North
1012,Product C,5,37,249,161,11/6/2023,South
1013,Product A,1,49,71,164,11/5/2023,East
1014,Product B,3,43,118,137,11/4/2023,West
1015,Product C,11,46,201,132,11/3/2023,North
1016,Product A,1,39,65,129,11/2/2023,South
1017,Product B,12,49,119,117,11/1/2023,East
1018,Product C,10,23,126,145,10/31/2023,West
1019,Product A,3,31,221,131,10/30/2023,North
1020,Product B,7,32,189,144,10/29/2023,South
1021,Product B,3,26,125,118,10/30/2023,East
1022,Product C,10,38,162,127,10/31/2023,West
1023,Product A,2,31,169,114,11/1/2023,North
1024,Product B,3,30,230,111,11/2/2023,South
1025,Product B,6,28,185,144,11/3/2023,East
1026,Product C,9,26,146,101,11/4/2023,West
1027,Product A,10,35,68,154,11/5/2023,North
1028,Product B,5,26,124,145,11/6/2023,South
1029,Product B,12,36,78,130,11/7/2023,East
1030,Product C,5,41,69,155,11/8/2023,West
1031,Product A,1,17,222,122,11/9/2023,North
1032,Product B,10,21,207,130,11/10/2023,South
1033,Product B,9,38,74,129,11/11/2023,East
1034,Product C,7,32,213,109,11/12/2023,West
1035,Product A,3,18,69,158,11/13/2023,North
1036,Product B,4,36,181,143,11/14/2023,South
1037,Product B,9,17,207,111,11/15/2023,East
1038,Product C,4,30,161,129,11/16/2023,West
1039,Product A,6,41,215,122,11/17/2023,North
1040,Product B,1,48,266,163,11/18/2023,South
1041,Product B,1,40,265,163,11/19/2023,East
1042,Product C,10,32,141,129,11/20/2023,West
1043,Product A,7,22,72,149,11/21/2023,North
1044,Product B,1,22,154,159,11/22/2023,South
1045,Product B,11,31,54,133,11/23/2023,East
1046,Product C,5,30,95,137,11/24/2023,West
1047,Product A,1,31,258,115,11/25/2023,North
1048,Product B,3,42,210,160,11/26/2023,South
1049,Product B,3,38,105,146,11/27/2023,East
1050,Product C,2,32,176,131,11/28/2023,West
1051,Product A,9,48,187,130,11/29/2023,North
1052,Product B,7,36,181,153,11/30/2023,South
1053,Product B,4,36,204,106,12/1/2023,East
1054,Product C,2,34,126,162,12/2/2023,West
1055,Product A,4,22,220,158,12/3/2023,North
1056,Product B,6,49,52,120,12/4/2023,South
1057,Product B,1,37,136,158,12/5/2023,East
1058,Product C,6,25,226,135,12/6/2023,West
1059,Product A,4,17,223,104,12/7/2023,North
1060,Product B,9,34,256,130,12/8/2023,South
1061,Product B,4,40,154,118,12/9/2023,East
1062,Product C,1,42,251,147,12/10/2023,West
1063,Product A,5,33,261,113,12/11/2023,North
1064,Product B,1,33,119,141,12/12/2023,South
1065,Product B,2,48,170,156,12/13/2023,East
1066,Product C,4,25,265,101,12/14/2023,West
1067,Product A,3,40,232,159,12/15/2023,North
1068,Product B,11,34,99,120,12/16/2023,South
1069,Product B,9,45,124,125,12/17/2023,East
1070,Product C,11,17,100,101,12/18/2023,West
1071,Product A,11,37,209,161,12/19/2023,North
1072,Product B,4,33,267,118,12/20/2023,South
1073,Product B,6,40,100,128,12/21/2023,East
1074,Product C,8,36,106,155,12/22/2023,West
1075,Product A,6,41,225,155,12/23/2023,North
1076,Product B,4,44,144,133,12/24/2023,South
1077,Product B,4,18,230,140,12/25/2023,East
1078,Product C,12,21,124,104,12/26/2023,West
1079,Product A,7,29,159,113,12/27/2023,North
1080,Product B,1,35,94,148,12/28/2023,South
1081,Product B,9,38,260,164,12/29/2023,East
1082,Product C,11,28,273,141,12/30/2023,West
1083,Product A,4,38,218,132,12/31/2023,North
1084,Product B,12,27,147,109,1/1/2024,South
1085,Product B,2,37,116,109,1/2/2024,East
1086,Product C,3,46,81,108,1/3/2024,West
1087,Product A,6,49,245,108,1/4/2024,North
1088,Product B,1,28,173,122,1/5/2024,South
1089,Product B,10,31,252,120,1/6/2024,East
1090,Product C,7,47,97,122,1/7/2024,West
1091,Product A,1,23,140,104,1/8/2024,North
1092,Product B,7,20,146,142,1/9/2024,South
1093,Product B,1,39,141,105,1/10/2024,East
1094,Product C,8,37,200,161,1/11/2024,West
1095,Product A,7,37,248,119,1/12/2024,North
1096,Product B,7,23,54,117,1/13/2024,South
1097,Product B,9,49,68,148,1/14/2024,East
1098,Product C,4,45,106,114,1/15/2024,West
1099,Product A,11,42,127,163,1/16/2024,North
1100,Product B,11,28,267,162,1/17/2024,South
1101,Product B,3,35,229,133,1/18/2024,East
1102,Product C,9,36,136,125,1/19/2024,West
1103,Product A,8,38,112,153,1/20/2024,North
1104,Product B,3,38,134,139,1/21/2024,South
1105,Product B,5,49,100,157,1/22/2024,East
1106,Product C,5,30,213,116,1/23/2024,West
1107,Product A,9,25,73,154,1/24/2024,North
1108,Product B,11,27,244,117,1/25/2024,South
1109,Product B,3,48,209,137,1/26/2024,East
1110,Product C,12,34,121,145,1/27/2024,West
1111,Product A,8,34,144,144,1/28/2024,North
1112,Product B,2,45,259,114,1/29/2024,South
1113,Product B,1,24,160,150,1/30/2024,East
1114,Product C,4,44,98,120,1/31/2024,West
1115,Product A,11,22,161,127,2/1/2024,North
1116,Product B,8,21,260,120,2/2/2024,South
1117,Product B,6,45,191,112,2/3/2024,East
1118,Product C,5,42,67,148,2/4/2024,West
1119,Product A,8,19,239,148,2/5/2024,North
1120,Product B,1,33,145,122,2/6/2024,South
1121,Product B,4,18,70,139,2/7/2024,East
1122,Product C,1,46,267,106,2/8/2024,West
1123,Product A,5,39,75,161,2/9/2024,North
1124,Product B,2,20,156,106,2/10/2024,South
1125,Product B,6,40,164,166,2/11/2024,East
1126,Product C,10,27,60,160,2/12/2024,West
1127,Product A,2,48,256,163,2/13/2024,North
1128,Product B,9,27,80,102,2/14/2024,South
1129,Product B,5,25,88,102,2/15/2024,East
1130,Product C,8,24,114,160,2/16/2024,West
1131,Product A,11,26,121,110,2/17/2024,North
1132,Product B,5,17,65,163,2/18/2024,South
1133,Product B,1,44,56,147,2/19/2024,East
1134,Product C,7,48,190,116,2/20/2024,West
1135,Product A,8,46,91,121,2/21/2024,North
1136,Product B,1,40,189,166,2/22/2024,South
1137,Product B,6,48,268,139,2/23/2024,East
1138,Product C,5,18,197,157,2/24/2024,West
1139,Product A,6,46,262,110,2/25/2024,North
1140,Product B,9,47,151,121,2/26/2024,South
1141,Product B,12,18,160,137,2/27/2024,East
1142,Product C,6,22,260,103,2/28/2024,West
1143,Product A,3,42,94,104,2/29/2024,North
1144,Product B,8,30,111,137,3/1/2024,South
1145,Product B,2,45,154,156,3/2/2024,East
1146,Product C,1,26,217,128,3/3/2024,West
1147,Product A,2,24,118,116,3/4/2024,North
1148,Product B,4,37,117,107,3/5/2024,South
1149,Product B,9,30,98,157,3/6/2024,East
1150,Product C,9,33,210,125,3/7/2024,West
1151,Product A,12,27,243,157,3/8/2024,North
1152,Product B,7,48,277,165,3/9/2024,South
1153,Product B,11,20,182,146,3/10/2024,East
1154,Product C,8,37,192,131,3/11/2024,West
1155,Product A,1,47,251,124,3/12/2024,North
1156,Product B,8,19,261,146,3/13/2024,South
1157,Product B,5,41,220,155,3/14/2024,East
1158,Product C,1,43,276,127,3/15/2024,West
1159,Product A,4,41,208,158,3/16/2024,North
1160,Product B,11,28,57,103,3/17/2024,South
1161,Product B,10,37,271,133,3/18/2024,East
1162,Product C,6,33,260,110,3/19/2024,West
1163,Product A,5,42,197,144,3/20/2024,North
1164,Product B,7,22,164,138,3/21/2024,South
1165,Product B,1,34,165,160,3/22/2024,East
1166,Product C,3,17,229,133,3/23/2024,West
1167,Product A,10,39,102,120,3/24/2024,North
1168,Product B,2,26,236,161,3/25/2024,South
1169,Product B,10,37,69,119,3/26/2024,East
1170,Product C,5,20,149,154,3/27/2024,West
1171,Product A,4,28,225,101,3/28/2024,North
1172,Product B,8,25,198,150,3/29/2024,South
1173,Product B,9,21,96,149,3/30/2024,East
1174,Product C,12,21,72,106,3/31/2024,West
1175,Product A,10,29,119,151,4/1/2024,North
1176,Product B,8,30,53,135,4/2/2024,South
1177,Product B,7,30,66,130,4/3/2024,East
1178,Product C,6,49,114,151,4/4/2024,West
1179,Product A,8,32,115,151,4/5/2024,North
1180,Product B,4,32,179,104,4/6/2024,South
1181,Product B,11,43,188,106,4/7/2024,East
1182,Product C,4,20,133,118,4/8/2024,West
1183,Product A,11,39,120,161,4/9/2024,North
1184,Product B,2,37,216,128,4/10/2024,South
1185,Product B,2,32,158,161,4/11/2024,East
1186,Product C,7,42,202,116,4/12/2024,West
1187,Product A,10,32,149,163,4/13/2024,North
1188,Product B,12,25,230,143,4/14/2024,South
1189,Product B,10,46,60,118,4/15/2024,East
1190,Product C,12,27,274,131,4/16/2024,West
1191,Product A,9,20,148,160,4/17/2024,North
1192,Product B,5,19,194,157,4/18/2024,South
1193,Product B,5,28,243,147,4/19/2024,East
1194,Product C,3,18,79,136,4/20/2024,West
1195,Product A,1,23,125,140,4/21/2024,North
1196,Product B,11,36,69,150,4/22/2024,South
1197,Product B,5,29,85,122,4/23/2024,East
1198,Product C,6,30,277,121,4/24/2024,West
1199,Product A,5,36,256,116,4/25/2024,North
1200,Product B,9,23,262,122,4/26/2024,South
1201,Product B,3,37,213,118,4/27/2024,East
1202,Product C,3,19,180,117,4/28/2024,West
1203,Product A,2,46,166,112,4/29/2024,North
1204,Product B,9,38,232,130,4/30/2024,South
1205,Product B,8,25,189,159,5/1/2024,East
1206,Product C,7,40,192,101,5/2/2024,West
1207,Product A,1,19,237,102,5/3/2024,North
1208,Product B,5,28,220,131,5/4/2024,South
1209,Product B,8,28,221,150,5/5/2024,East
1210,Product C,11,39,149,123,5/6/2024,West
1211,Product A,12,36,259,130,5/7/2024,North
1212,Product B,4,47,183,150,5/8/2024,South
1213,Product B,7,39,195,136,5/9/2024,East
1214,Product C,3,38,257,103,5/10/2024,West
1215,Product A,9,42,205,113,5/11/2024,North
1216,Product B,9,25,73,114,5/12/2024,South
1217,Product B,11,26,146,148,5/13/2024,East
1218,Product C,2,38,94,130,5/14/2024,West
1219,Product A,6,39,178,155,5/15/2024,North
1220,Product B,2,23,106,133,5/16/2024,South
1221,Product B,1,48,249,156,5/17/2024,East
1222,Product C,9,24,123,110,5/18/2024,West
1223,Product A,11,24,64,120,5/19/2024,North
1224,Product B,10,34,213,162,5/20/2024,South
1225,Product B,2,30,128,130,5/21/2024,East
1226,Product C,2,28,262,106,5/22/2024,West
1227,Product A,6,47,64,124,5/23/2024,North
1228,Product B,7,33,130,142,5/24/2024,South
1229,Product B,4,36,197,122,5/25/2024,East
1230,Product C,2,34,64,164,5/26/2024,West
1231,Product A,6,37,255,158,5/27/2024,North
1232,Product B,6,28,228,142,5/28/2024,South
1233,Product B,10,48,84,150,5/29/2024,East
1234,Product C,6,44,212,141,5/30/2024,West
1235,Product A,1,32,65,101,5/31/2024,North
1236,Product B,4,39,237,133,6/1/2024,South
1237,Product B,8,42,97,162,6/2/2024,East
1238,Product C,11,24,66,127,6/3/2024,West
1239,Product A,8,48,191,137,6/4/2024,North
1240,Product B,7,22,53,138,6/5/2024,South
1241,Product B,1,22,172,159,6/6/2024,East
1242,Product C,9,31,199,118,6/7/2024,West
1243,Product A,11,28,229,102,6/8/2024,North
1244,Product B,5,48,135,137,6/9/2024,South
1245,Product B,1,20,66,120,6/10/2024,East
1246,Product C,11,44,57,157,6/11/2024,West
1247,Product A,2,44,255,105,6/12/2024,North
1248,Product B,4,38,79,128,6/13/2024,South
1249,Product B,10,22,132,164,6/14/2024,East
1250,Product C,9,40,220,111,6/15/2024,West
1251,Product A,7,24,137,154,6/16/2024,North
1252,Product B,3,46,132,126,6/17/2024,South
1253,Product B,11,39,211,132,6/18/2024,East
1254,Product C,5,31,234,101,6/19/2024,West
1255,Product A,7,22,198,142,6/20/2024,North
1256,Product B,12,44,217,121,6/21/2024,South
1257,Product B,10,45,179,131,6/22/2024,East
1258,Product C,4,39,152,113,6/23/2024,West
1259,Product A,8,40,213,125,6/24/2024,North
1260,Product B,8,20,96,122,6/25/2024,South
1261,Product B,5,31,197,152,6/26/2024,East
1262,Product C,11,49,51,131,6/27/2024,West
1263,Product A,1,35,247,113,6/28/2024,North
1264,Product B,9,17,252,112,6/29/2024,South
1265,Product B,11,45,125,127,6/30/2024,East
1266,Product C,5,31,172,106,7/1/2024,West
1267,Product A,2,45,161,102,7/2/2024,North
1268,Product B,6,18,142,167,7/3/2024,South
1269,Product B,5,18,133,104,7/4/2024,East
1270,Product C,8,37,125,141,7/5/2024,West
1271,Product A,6,25,51,152,7/6/2024,North
1272,Product B,10,26,61,111,7/7/2024,South
1273,Product B,12,32,171,158,7/8/2024,East
1274,Product C,2,49,116,106,7/9/2024,West
1275,Product A,8,48,218,136,7/10/2024,North
1276,Product B,4,46,73,106,7/11/2024,South
1277,Product B,6,23,66,122,7/12/2024,East
1278,Product C,6,47,256,116,7/13/2024,West
1279,Product A,7,34,142,117,7/14/2024,North
1280,Product B,3,37,276,160,7/15/2024,South
1281,Product B,10,26,185,124,7/16/2024,East
1282,Product C,2,34,248,147,7/17/2024,West
1283,Product A,10,29,242,123,7/18/2024,North
1284,Product B,2,29,260,151,7/19/2024,South
1285,Product B,7,36,182,153,7/20/2024,East
1286,Product C,3,23,271,158,7/21/2024,West
1287,Product A,10,41,76,139,7/22/2024,North
1288,Product B,12,46,203,157,7/23/2024,South
1289,Product B,3,23,236,102,7/24/2024,East
1290,Product C,4,37,216,156,7/25/2024,West
1291,Product A,11,39,141,112,7/26/2024,North
1292,Product B,11,37,135,165,7/27/2024,South
1293,Product B,10,34,243,162,7/28/2024,East
1294,Product C,7,35,128,101,7/29/2024,West
1295,Product A,7,32,211,123,7/30/2024,North
1296,Product B,12,20,116,120,7/31/2024,South
1297,Product B,4,28,187,121,8/1/2024,East
1298,Product C,2,35,93,132,8/2/2024,West
1299,Product A,6,17,203,123,8/3/2024,North
1300,Product B,6,38,84,165,8/4/2024,South
1301,Product B,5,18,257,117,8/5/2024,East
1302,Product C,1,26,162,107,8/6/2024,West
1303,Product A,9,42,148,110,8/7/2024,North
1304,Product B,9,27,135,163,8/8/2024,South
1305,Product B,12,43,210,128,8/9/2024,East
1306,Product C,2,39,93,101,8/10/2024,West
1307,Product A,9,25,121,136,8/11/2024,North
1308,Product B,12,27,267,108,8/12/2024,South
1309,Product B,4,35,261,160,8/13/2024,East
1310,Product C,12,22,151,159,8/14/2024,West
1311,Product A,8,45,103,146,8/15/2024,North
1312,Product B,10,38,133,164,8/16/2024,South
1313,Product B,4,27,179,124,8/17/2024,East
1314,Product C,1,30,215,155,8/18/2024,West
1315,Product A,5,22,159,144,8/19/2024,North
1316,Product B,9,42,60,159,8/20/2024,South
1317,Product B,7,32,169,133,8/21/2024,East
1318,Product C,12,49,75,109,8/22/2024,West
1319,Product A,10,30,246,105,8/23/2024,North
1320,Product B,4,26,147,142,8/24/2024,South
1321,Product B,2,21,130,129,8/25/2024,East
1322,Product C,2,46,243,117,8/26/2024,West
1323,Product A,1,40,266,153,8/27/2024,North
1324,Product B,6,21,192,134,8/28/2024,South
1325,Product B,3,32,185,155,8/29/2024,East
1326,Product C,6,46,229,159,8/30/2024,West
1327,Product A,9,24,83,111,8/31/2024,North
1328,Product B,8,30,63,117,9/1/2024,South
1329,Product B,5,37,260,112,9/2/2024,East
1330,Product C,10,23,90,142,9/3/2024,West
1331,Product A,7,19,127,135,9/4/2024,North
1332,Product B,2,37,167,157,9/5/2024,South
1333,Product B,9,19,194,140,9/6/2024,East
1334,Product C,8,49,248,153,9/7/2024,West
1335,Product A,11,45,138,149,9/8/2024,North
1336,Product B,5,38,138,106,9/9/2024,South
1337,Product B,4,47,92,140,9/10/2024,East
1338,Product C,5,41,64,165,9/11/2024,West
1339,Product A,12,25,103,125,9/12/2024,North
1340,Product B,5,25,85,111,9/13/2024,South
1341,Product B,2,30,213,162,9/14/2024,East
1342,Product C,3,25,85,133,9/15/2024,West
1343,Product A,6,25,64,132,9/16/2024,North
1344,Product B,3,29,199,155,9/17/2024,South
1345,Product B,8,48,205,167,9/18/2024,East
1346,Product C,10,39,56,111,9/19/2024,West
1347,Product A,5,40,149,101,9/20/2024,North
1348,Product B,4,29,88,119,9/21/2024,South
1349,Product B,4,45,64,150,9/22/2024,East
1350,Product C,5,22,251,165,9/23/2024,West
1351,Product A,4,48,174,121,9/24/2024,North
1352,Product B,1,22,206,117,9/25/2024,South
1353,Product B,8,29,92,161,9/26/2024,East
1354,Product C,2,30,70,119,9/27/2024,West
1355,Product A,4,34,107,106,9/28/2024,North
1356,Product B,8,24,164,145,9/29/2024,South
1357,Product B,11,26,110,106,9/30/2024,East
1358,Product C,6,35,171,107,10/1/2024,West
1359,Product A,5,26,87,107,10/2/2024,North
1360,Product B,7,45,121,156,10/3/2024,South
1361,Product B,5,27,80,110,10/4/2024,East
1362,Product C,4,21,76,138,10/5/2024,West
1363,Product A,12,22,68,131,10/6/2024,North
1364,Product B,8,31,268,134,10/7/2024,South
1365,Product B,4,22,151,121,10/8/2024,East
1366,Product C,3,18,110,166,10/9/2024,West
1367,Product A,11,17,229,160,10/10/2024,North
1368,Product B,1,20,153,108,10/11/2024,South
1369,Product B,11,36,128,160,10/12/2024,East
1370,Product C,3,45,76,113,10/13/2024,West
1371,Product A,10,33,209,164,10/14/2024,North
1372,Product B,12,33,148,162,10/15/2024,South
1373,Product B,1,23,172,110,10/16/2024,East
1374,Product C,6,30,221,103,10/17/2024,West
1375,Product A,3,47,188,148,10/18/2024,North
1376,Product B,1,20,255,105,10/19/2024,South
1377,Product B,6,47,257,117,10/20/2024,East
1378,Product C,12,40,225,163,10/21/2024,West
1379,Product A,7,17,265,147,10/22/2024,North
1380,Product B,2,47,55,160,10/23/2024,South
1381,Product B,9,18,171,165,10/24/2024,East
1382,Product C,7,22,271,137,10/25/2024,West
1383,Product A,3,43,268,109,10/26/2024,North
1384,Product B,10,37,66,155,10/27/2024,South
1385,Product B,7,18,137,163,10/28/2024,East
1386,Product C,1,36,70,165,10/29/2024,West
1387,Product A,10,21,74,131,10/30/2024,North
1388,Product B,9,26,240,165,10/31/2024,South
1389,Product B,11,34,96,118,11/1/2024,East
1390,Product C,7,34,262,151,11/2/2024,West
1391,Product A,11,49,145,106,11/3/2024,North
1392,Product B,7,27,258,152,11/4/2024,South
1393,Product B,6,36,249,103,11/5/2024,East
1394,Product C,11,25,276,155,11/6/2024,West
1395,Product A,10,35,169,103,11/7/2024,North
1396,Product B,8,30,162,148,11/8/2024,South
1397,Product B,1,23,129,121,11/9/2024,East
1398,Product C,2,28,209,109,11/10/2024,West
1399,Product A,8,21,68,101,11/11/2024,North
1400,Product B,1,19,109,137,11/12/2024,South
1401,Product B,2,32,138,102,11/13/2024,East
1402,Product C,2,42,226,111,11/14/2024,West
1403,Product A,5,36,273,159,11/15/2024,North
1404,Product B,1,44,191,133,11/16/2024,South
1405,Product B,7,30,84,109,11/17/2024,East
1406,Product C,1,25,233,115,11/18/2024,West
1407,Product A,2,24,250,147,11/19/2024,North
1408,Product B,11,31,63,155,11/20/2024,South
1409,Product B,6,22,223,111,11/21/2024,East
1410,Product C,8,36,77,110,11/22/2024,West
1411,Product A,8,21,215,143,11/23/2024,North
1412,Product B,9,34,211,154,11/24/2024,South
1413,Product B,3,27,216,167,11/25/2024,East
1414,Product C,2,25,191,143,11/26/2024,West
1415,Product A,3,37,90,114,11/27/2024,North
1416,Product B,3,30,167,154,11/28/2024,South
1417,Product B,12,25,102,104,11/29/2024,East
1418,Product C,9,40,84,155,11/30/2024,West
1419,Product A,4,18,261,108,12/1/2024,North
1420,Product B,7,40,213,134,12/2/2024,South
1421,Product B,5,37,217,124,12/3/2024,East
1422,Product C,9,32,66,116,12/4/2024,West
1423,Product A,11,17,200,124,12/5/2024,North
1424,Product B,9,37,243,120,12/6/2024,South
1425,Product B,9,42,178,151,12/7/2024,East
1426,Product C,12,39,268,136,12/8/2024,West
1427,Product A,2,25,270,145,12/9/2024,North
1428,Product B,3,34,116,109,12/10/2024,South
1429,Product B,6,21,105,111,12/11/2024,East
1430,Product C,10,17,227,120,12/12/2024,West
1431,Product A,5,33,125,106,12/13/2024,North
1432,Product B,11,49,130,111,12/14/2024,South
1433,Product B,2,31,136,167,12/15/2024,East
1434,Product C,5,43,241,134,12/16/2024,West
1435,Product A,7,25,108,163,12/17/2024,North
1436,Product B,8,40,80,164,12/18/2024,South
1437,Product B,2,26,110,156,12/19/2024,East
1438,Product C,6,37,227,106,12/20/2024,West
1439,Product A,1,29,115,134,12/21/2024,North
1440,Product B,8,42,99,113,12/22/2024,South
1441,Product B,12,42,147,127,12/23/2024,East
1442,Product C,4,30,196,136,12/24/2024,West
1443,Product A,5,43,54,125,12/25/2024,North
1444,Product B,6,30,253,163,12/26/2024,South
1445,Product B,3,28,196,124,12/27/2024,East
1446,Product C,12,45,63,111,12/28/2024,West
1447,Product A,11,27,111,154,12/29/2024,North
1448,Product B,5,29,194,104,12/30/2024,South
1449,Product B,9,40,184,114,12/31/2024,East
1450,Product C,6,48,122,107,1/1/2025,West
1451,Product A,3,18,104,129,1/2/2025,North
1452,Product B,1,29,232,136,1/3/2025,South
1453,Product B,3,35,216,137,1/4/2025,East
1454,Product C,2,27,134,163,1/5/2025,West
1455,Product A,5,21,244,137,1/6/2025,North
1456,Product B,9,18,178,161,1/7/2025,South
1457,Product B,7,40,64,139,1/8/2025,East
1458,Product C,4,48,129,151,1/9/2025,West
1459,Product A,1,47,237,116,1/10/2025,North
1460,Product B,9,22,153,111,1/11/2025,South
1461,Product B,7,43,134,109,1/12/2025,East
1462,Product C,5,48,159,121,1/13/2025,West
1463,Product A,12,22,168,112,1/14/2025,North
1464,Product B,10,19,132,101,1/15/2025,South
1465,Product B,8,17,91,131,1/16/2025,East
1466,Product C,10,18,56,129,1/17/2025,West
1467,Product A,11,27,155,110,1/18/2025,North
1468,Product B,10,39,204,127,1/19/2025,South
1469,Product B,10,43,275,137,1/20/2025,East
1470,Product C,3,36,161,155,1/21/2025,West
1471,Product A,12,20,179,129,1/22/2025,North
1472,Product B,8,20,97,163,1/23/2025,South
1473,Product B,5,30,159,159,1/24/2025,East
1474,Product C,4,36,211,163,1/25/2025,West
1475,Product A,2,38,225,132,1/26/2025,North
1476,Product B,8,23,258,143,1/27/2025,South
1477,Product B,8,38,71,114,1/28/2025,East
1478,Product C,6,42,237,123,1/29/2025,West
1479,Product A,2,21,100,125,1/30/2025,North
1480,Product B,10,33,130,167,1/31/2025,South
1481,Product B,11,30,214,142,2/1/2025,East
1482,Product C,9,23,270,127,2/2/2025,West
1483,Product A,12,42,253,162,2/3/2025,North
1484,Product B,10,30,95,157,2/4/2025,South
1485,Product B,12,18,250,140,2/5/2025,East
1486,Product C,1,33,117,157,2/6/2025,West
1487,Product A,11,20,177,116,2/7/2025,North
1488,Product B,4,44,220,147,2/8/2025,South
1489,Product B,10,34,92,155,2/9/2025,East
1490,Product C,5,39,71,164,2/10/2025,West
1491,Product A,2,43,93,104,2/11/2025,North
1492,Product B,10,47,89,149,2/12/2025,South
1493,Product B,7,34,257,117,2/13/2025,East
1494,Product C,8,21,118,146,2/14/2025,West
1495,Product A,3,20,270,111,2/15/2025,North
1496,Product B,1,31,63,127,2/16/2025,South
1497,Product B,11,43,88,130,2/17/2025,East
1498,Product C,11,21,73,134,2/18/2025,West
1499,Product A,3,43,109,153,2/19/2025,North
1500,Product B,1,21,121,162,2/20/2025,South
1501,Product B,1,27,118,119,2/21/2025,East
1502,Product C,10,44,123,151,2/22/2025,West
1503,Product A,11,47,118,133,2/23/2025,North
1504,Product B,12,36,99,119,2/24/2025,South
1505,Product B,6,41,109,118,2/25/2025,East
1506,Product C,2,30,192,111,2/26/2025,West
1507,Product A,7,29,56,101,2/27/2025,North
1508,Product B,3,49,58,114,2/28/2025,South
1509,Product B,5,30,94,131,3/1/2025,East
1510,Product C,4,18,169,107,3/2/2025,West
1511,Product A,4,22,168,166,3/3/2025,North
1512,Product B,1,47,207,120,3/4/2025,South
1513,Product B,11,39,199,117,3/5/2025,East
1514,Product C,11,24,267,116,3/6/2025,West
1515,Product A,8,20,247,149,3/7/2025,North
1516,Product B,9,36,256,146,3/8/2025,South
1517,Product B,11,46,86,163,3/9/2025,East
1518,Product C,4,42,274,119,3/10/2025,West
1519,Product A,12,37,169,108,3/11/2025,North
1520,Product B,5,34,81,152,3/12/2025,South
1521,Product B,8,39,216,104,3/13/2025,East
1522,Product C,4,36,158,109,3/14/2025,West
1523,Product A,4,25,91,121,3/15/2025,North
1524,Product B,3,49,52,122,3/16/2025,South
1525,Product B,6,43,156,116,3/17/2025,East
1526,Product C,5,23,239,136,3/18/2025,West
1527,Product A,11,46,162,155,3/19/2025,North
1528,Product B,10,17,222,101,3/20/2025,South
1529,Product B,3,33,175,151,3/21/2025,East
1530,Product C,7,31,198,163,3/22/2025,West
1531,Product A,12,47,123,148,3/23/2025,North
1532,Product B,5,35,96,127,3/24/2025,South
1533,Product B,3,23,61,107,3/25/2025,East
1534,Product C,4,26,88,113,3/26/2025,West
1535,Product A,3,23,139,161,3/27/2025,North
1536,Product B,2,41,104,146,3/28/2025,South
1537,Product B,5,25,187,166,3/29/2025,East
1538,Product C,12,41,188,145,3/30/2025,West
1539,Product A,2,27,102,108,3/31/2025,North
1540,Product B,5,38,183,153,4/1/2025,South
1541,Product B,8,31,219,115,4/2/2025,East
1542,Product B,7,39,67,134,4/3/2025,West
1543,Product C,12,48,257,139,4/4/2025,North
1544,Product A,2,35,202,154,4/5/2025,South
1545,Product B,11,26,167,111,4/6/2025,East
1546,Product B,3,29,165,152,4/7/2025,West
1547,Product C,4,23,239,114,4/8/2025,North
1548,Product A,7,24,173,158,4/9/2025,South
1549,Product B,5,45,166,113,4/10/2025,East
1550,Product B,11,31,154,128,4/11/2025,West
1551,Product C,12,39,139,112,4/12/2025,North
1552,Product A,6,33,203,144,4/13/2025,South
1553,Product B,11,40,221,108,4/14/2025,East
1554,Product B,1,20,63,117,4/15/2025,West
1555,Product C,4,49,123,136,4/16/2025,North
1556,Product A,4,24,266,148,4/17/2025,South
1557,Product B,5,43,153,160,4/18/2025,East
1558,Product B,8,38,97,132,4/19/2025,West
1559,Product C,4,45,237,125,4/20/2025,North
1560,Product A,4,32,248,113,4/21/2025,South
1561,Product B,10,41,248,115,4/22/2025,East
1562,Product B,4,17,93,109,4/23/2025,West
1563,Product C,11,46,127,108,4/24/2025,North
1564,Product A,8,36,265,106,4/25/2025,South
1565,Product B,6,19,243,111,4/26/2025,East
1566,Product B,6,41,85,134,4/27/2025,West
1567,Product C,1,44,265,140,4/28/2025,North
1568,Product A,3,48,138,106,4/29/2025,South
1569,Product B,4,39,57,158,4/30/2025,East
1570,Product B,12,41,74,166,5/1/2025,West
1571,Product C,3,37,218,114,5/2/2025,North
1572,Product A,5,23,74,135,5/3/2025,South
1573,Product B,2,47,125,146,5/4/2025,East
1574,Product B,3,21,156,133,5/5/2025,West
1575,Product C,9,31,210,112,5/6/2025,North
1576,Product A,2,40,251,113,5/7/2025,South
1577,Product B,1,42,57,136,5/8/2025,East
1578,Product B,7,48,112,139,5/9/2025,West
1579,Product C,5,42,224,111,5/10/2025,North
1580,Product A,5,30,211,149,5/11/2025,South
1581,Product B,3,42,83,110,5/12/2025,East
1582,Product B,11,44,248,155,5/13/2025,West
1583,Product C,9,26,113,106,5/14/2025,North
1584,Product A,10,20,113,149,5/15/2025,South
1585,Product B,2,27,54,115,5/16/2025,East
1586,Product B,10,24,77,104,5/17/2025,West
1587,Product C,4,38,206,167,5/18/2025,North
1588,Product A,3,32,103,148,5/19/2025,South
1589,Product B,11,19,65,111,5/20/2025,East
1590,Product B,9,26,236,101,5/21/2025,West
1591,Product C,1,26,208,165,5/22/2025,North
1592,Product A,8,39,156,106,5/23/2025,South
1593,Product B,1,23,259,161,5/24/2025,East
1594,Product B,6,49,80,144,5/25/2025,West
1595,Product C,8,39,171,107,5/26/2025,North
1596,Product A,8,32,228,156,5/27/2025,South
1597,Product B,7,32,179,132,5/28/2025,East
1598,Product B,3,40,160,127,5/29/2025,West
1599,Product C,2,42,114,117,5/30/2025,North
1600,Product A,8,19,224,116,5/31/2025,South
1601,Product B,6,24,257,106,6/1/2025,East
1602,Product B,2,34,236,119,6/2/2025,West
1603,Product C,6,47,229,167,6/3/2025,North
1604,Product A,4,32,200,129,6/4/2025,South
1605,Product B,10,26,121,138,6/5/2025,East
1606,Product B,1,24,134,101,6/6/2025,West
1607,Product C,8,18,210,147,6/7/2025,North
1608,Product A,5,27,255,120,6/8/2025,South
1609,Product B,1,47,215,163,6/9/2025,East
1610,Product B,8,21,183,110,6/10/2025,West
1611,Product C,9,28,72,160,6/11/2025,North
1612,Product A,9,44,99,114,6/12/2025,South
1613,Product B,12,41,95,108,6/13/2025,East
1614,Product B,9,31,259,112,6/14/2025,West
1615,Product C,4,45,220,165,6/15/2025,North
1616,Product A,11,18,143,132,6/16/2025,South
1617,Product B,12,22,229,149,6/17/2025,East
1618,Product B,9,23,214,116,6/18/2025,West
1619,Product C,2,22,199,129,6/19/2025,North
1620,Product A,7,43,240,157,6/20/2025,South
1621,Product B,2,39,58,115,6/21/2025,East
1622,Product B,4,17,122,133,6/22/2025,West
1623,Product C,12,28,179,103,6/23/2025,North
1624,Product A,4,43,206,139,6/24/2025,South
1625,Product B,5,37,217,166,6/25/2025,East
1626,Product B,5,38,143,116,6/26/2025,West
1627,Product C,5,26,152,151,6/27/2025,North
1628,Product A,5,21,98,135,6/28/2025,South
1629,Product B,10,39,211,143,6/29/2025,East
